Notes:
"When exporting your connection data, you may notice that some of the email addresses are missing. You will only see email addresses for connections who have allowed their connections to see or download their email address using this setting https://www.linkedin.com/psettings/privacy/email. You can learn more here https://www.linkedin.com/help/linkedin/answer/261"

First Name,Last Name,URL,Email Address,Company,Position,Connected On
Hanna,Zehnter,https://www.linkedin.com/in/hanna-zehnter,,King's Labs,Principal ,26 Feb 2025
Victoria Ifeoluwa,Bewaji,https://www.linkedin.com/in/victoria-ifeoluwa-bewaji-72625422b,,Rewriting the Code,Member,26 Feb 2025
rym,rajhi,https://www.linkedin.com/in/rym-rajhi-89b8a1211,,,,25 Feb 2025
Amir,Hoque,https://www.linkedin.com/in/amir-hoque,,Cotalent AI,Junior Software Engineer,25 Feb 2025
Ana,Monteiro ,https://www.linkedin.com/in/ana-monteiro-ab13a5290,,,,25 Feb 2025
Anika,Vijay,https://www.linkedin.com/in/anika-vijay-55999724a,,Susquehanna International Group,Discovery Programme,25 Feb 2025
Yaseen,Alam,https://www.linkedin.com/in/yaseen-alam,,EY,Incoming Discover EY - Technology,25 Feb 2025
Ellis,Hewes,https://www.linkedin.com/in/ellis-hewes-4b061024b,,OurTechLegacy.org,Executive Assistant,25 Feb 2025
Xavier,Parker,https://www.linkedin.com/in/xavier-parker-180906253,,Sphinx AI,Ethics advisory board member,25 Feb 2025
Munif,Kader Chowdhury,https://www.linkedin.com/in/munif-kader-chowdhury-110a83184,,Maati Properties Ltd.,Executive Assistant & Social Media Manager,22 Feb 2025
Viorel,Bota,https://www.linkedin.com/in/vbota,,Agile Networks Technologies,Integration Solution Architect,20 Feb 2025
Brayan Andrés,Endara Calvache,https://www.linkedin.com/in/brayan-andr%C3%A9s-endara-calvache-3264311a5,,Bycron laboratorios,CEO & Founder,20 Feb 2025
On Zi Rui ,Johnny (The Crusader),https://www.linkedin.com/in/yunzirui,,,,20 Feb 2025
Fareed Khan,Mohamed Rafi,https://www.linkedin.com/in/fareed-khan-mohamed-rafi123,,King's College London,EDI Community Rep,20 Feb 2025
Dmitry,Bobolev,https://www.linkedin.com/in/dmitry-bobolev,,Froxy Labs,Founder,20 Feb 2025
Alison,Hendry,https://www.linkedin.com/in/alison-hendry,,The Young Foundation,Peer researcher,20 Feb 2025
Elliot,Strebel,https://www.linkedin.com/in/elliot-strebel-a41726211,,Pat Pending LTD,Director,19 Feb 2025
Alexey,Burmistrov,https://www.linkedin.com/in/a-burmistrov,,LSE Data Science Institute,Research Assistant,18 Feb 2025
🟢 David,Ellery,https://www.linkedin.com/in/davidellery,,Ripple Recruitment Ltd,Director | AI Recruitment for FinTech Start-Ups & Scale-Ups,17 Feb 2025
Chris,Punt,https://www.linkedin.com/in/chrispunt,,Chris's Notion,Building Custom Notion Workspaces For Businesses ,17 Feb 2025
Gabriela,Silva Moncayo ,https://www.linkedin.com/in/gabriela-silva-moncayo-94a4132aa,,Airtech BPO,Customer Service Representative,17 Feb 2025
Lucas,Perez Reis Lobo,https://www.linkedin.com/in/lucas-reis-lobo,,BRASA - Brazilian Student Association,Tesoureiro,17 Feb 2025
Jonathan,Guest,https://www.linkedin.com/in/jonathan-guest-053a51327,,,,17 Feb 2025
Ravi,Nandru ☁,https://www.linkedin.com/in/ravinandru,,[P1] Games,Scrum Master | Agile Coach,17 Feb 2025
Khem-Talah,Larmond,https://www.linkedin.com/in/khem-talah-larmond-a60b91254,,,,17 Feb 2025
Iñigo Gabriel,Cojuangco,https://www.linkedin.com/in/i%C3%B1igo-gabriel-cojuangco-796a8b2a8,inigogabrielcojuangco@gmail.com,Sleipner Solutions,Founder,17 Feb 2025
Oguzhan,Cagirir,https://www.linkedin.com/in/oguzcagirir,,King's Labs,Software Engineer,17 Feb 2025
Muna,Hassan,https://www.linkedin.com/in/muna-hassan-3b347b161,,Department for Business and Trade,Policy Advisor,17 Feb 2025
Petras,Bazdaras,https://www.linkedin.com/in/petrasb,,McDonald's,Crew Member,17 Feb 2025
Md Sakif,Hassan,https://www.linkedin.com/in/mdsakifhassan,,Bashundhara Group,Financial Reporting Analyst,16 Feb 2025
Danylo,Piatyhorets,https://www.linkedin.com/in/danylo-piatyhorets-1bb16b293,,"Computer Science Society - City, University of London",President,15 Feb 2025
Shayan,Rasoul,https://www.linkedin.com/in/shayanrasoul,,,,15 Feb 2025
Yaqub,Rahman,https://www.linkedin.com/in/yaqub-r,,SoukAI,Software Engineer,15 Feb 2025
Tingzhang,Huang,https://www.linkedin.com/in/tingzhang-huang-86a798308,,,,12 Feb 2025
Saima,Rasool,https://www.linkedin.com/in/saima-rasool,,Green Alliance,Member Board of Trustees,08 Feb 2025
Amey,Tripathi ,https://www.linkedin.com/in/amey-tripathi-335670256,,King's Quant Society,Associate,05 Feb 2025
Raihan,Kamal,https://www.linkedin.com/in/raihan2398,,Proton Learn,Co-Founder,05 Feb 2025
AboBaker,Saddique,https://www.linkedin.com/in/abobaker-saddique-bwp,,AAA Integrations Pvt Ltd.,Senior Software Engineer,05 Feb 2025
Raj,Sandhu,https://www.linkedin.com/in/raj-s-sandhu,,Stealth Startup,Founder,05 Feb 2025
Hiu Wai,Ho,https://www.linkedin.com/in/hiu-wai-ho-39b954257,,KCL Womxn in STEM,Student Ambassador,31 Jan 2025
Emma,Brooker,https://www.linkedin.com/in/emma-brooker-870b98266,,KCL Womxn in STEM,Sponsorship Officer,31 Jan 2025
Peter,Choi,https://www.linkedin.com/in/peterchoi24,,Chasely,Co-Founder,31 Jan 2025
Taras,Krivosh,https://www.linkedin.com/in/taras-krivosh-1b2465253,,Westminster FinTech Society,Head of Relations,22 Jan 2025
Wasan,A,https://www.linkedin.com/in/wasanalharbi,,thankU cashless tipping,Product Manager,22 Jan 2025
Amber,Yeung,https://www.linkedin.com/in/amberyeung,,Scotiabank,UpLIFTED Programme,20 Jan 2025
Andrew,Barton,https://www.linkedin.com/in/andrew-barton-000,,Lyfe,Founder's Associate,20 Jan 2025
Don,Aborah,https://www.linkedin.com/in/don-aborah,,"BLK Capital Management, Corp",Equity Research Analyst,20 Jan 2025
Chun ,Chow,https://www.linkedin.com/in/chun-chow,,UCL Business Society,Vice President of Events and Welfare Officer,20 Jan 2025
Jae,Yong,https://www.linkedin.com/in/jae-yong-63476517b,,Amazon,Program Manager Intern,15 Jan 2025
Yusuf,Yusuf,https://www.linkedin.com/in/yusufsedail,,Stackfix,Analyst,11 Jan 2025
Efe,Katircioglu,https://www.linkedin.com/in/efe-katircioglu-420309328,,,,11 Jan 2025
Chawalinee,Kaewkongka ,https://www.linkedin.com/in/chawalinee-kaewkongka-b70194254,,Thai Society Innovation Network (TSIN),Outreach Officer,03 Jan 2025
Muhammad,Shakir,https://www.linkedin.com/in/muhammadshakir01,,Pavago,Product Designer,02 Jan 2025
Peter,Ashiagbor,https://www.linkedin.com/in/peterashiagbor,,The Management Fest,Co-Founder,02 Jan 2025
Abdulaziz,Albanawi,https://www.linkedin.com/in/abdulaziz-albanawi-b2a69a244,,Supercharged,Finance Manager,02 Jan 2025
Hemilly ,Rodrigues,https://www.linkedin.com/in/hemilly-rodrigues-4aa65a11b,,RXCO,Founder & CEO,02 Jan 2025
Omar,Ahmed,https://www.linkedin.com/in/omar-1-ahmed,,Stanford ASES,Fellow,02 Jan 2025
Aafreen🌻,👩🏻‍💻✨,https://www.linkedin.com/in/aafreen-nsio,,NonStop io Technologies,Senior Frontend Engineer,02 Jan 2025
Arianna,Persechini,https://www.linkedin.com/in/arianna-persechini,,Hays - Recruitment Agency Dublin,Senior Recruiter,23 Dec 2024
Audrey,Yoo,https://www.linkedin.com/in/audrey-june-yoo,,Stevens Institute of Technology,Peer Consultant,21 Dec 2024
Emma,Yee Yick,https://www.linkedin.com/in/emmayeeyick,,Notion,Global Community Lead,20 Dec 2024
Sameer,F.,https://www.linkedin.com/in/imrtls00,,Notion,Notion CL @ COMSATS,20 Dec 2024
Richard,Lao,https://www.linkedin.com/in/richard1ao,,Serac Group,Associate Software Engineer,20 Dec 2024
Mikaela,Molina,https://www.linkedin.com/in/mikaela-molina,,Notion,Campus Leader,19 Dec 2024
Manav,Goyal,https://www.linkedin.com/in/caerlower,,AlgoBharat,Algorand Blockchain Club Lead - MUIT,19 Dec 2024
Harshit,Khemani,https://www.linkedin.com/in/harshitkhemani,,Notion,Notion Certified Expert,19 Dec 2024
Steve,Pinnell,https://www.linkedin.com/in/stephenpinnell,,Sphere 6,"Founder, CEO",19 Dec 2024
Harry,Geisler,https://www.linkedin.com/in/harrygeisler,,YAVA,CEO,17 Dec 2024
Sean,Tilson,https://www.linkedin.com/in/sean-tilson,,SETimpact,Founder,17 Dec 2024
Ally,Bahaei,https://www.linkedin.com/in/ally-bahaei-953156325,,J.P. Morgan,Spring Intern,17 Dec 2024
Harshit,Sharma,https://www.linkedin.com/in/harsh4555,,,,17 Dec 2024
Leo,Largillet,https://www.linkedin.com/in/leo-largillet,,Largillet-Quillard,Co-founder,17 Dec 2024
Jaycee ,Pang,https://www.linkedin.com/in/jaycee-pang-4661241b1,,MultiAdaptor,Strategist,17 Dec 2024
Vanya,Agarwal,https://www.linkedin.com/in/vanya-agarwal-72b1a3243,,Warwick Women's Careers Society,Treasurer,16 Dec 2024
Isabelle,Yip,https://www.linkedin.com/in/isabelle-yip-a299a9324,,English in Action UK,English Language Teacher,15 Dec 2024
Benny,Rocys,https://www.linkedin.com/in/benny-rocys,,hybytes,Frontend Developer,11 Dec 2024
Aryaman,Mehta,https://www.linkedin.com/in/aryaman-mehta,,KCL Tech,Project Lead,09 Dec 2024
Sai,Mehta,https://www.linkedin.com/in/sai-mehta-353315247,,,,09 Dec 2024
Afeef,Hadi,https://www.linkedin.com/in/afeefhadi,,DentalCopy,Co-Founder,08 Dec 2024
Rina,Bogdanovic,https://www.linkedin.com/in/rina-bogdanovic,,EWOR,Fellow ,07 Dec 2024
Christy,Xue,https://www.linkedin.com/in/christy-xue-a6b428220,,LSESU United Nations Society,Backroom,07 Dec 2024
Katya,Foong,https://www.linkedin.com/in/katya-foong-206509214,,Shellworks,Business Development Representative,06 Dec 2024
Gavriel,Tan,https://www.linkedin.com/in/gavrieltan,,Altimate Nutrition ,Co-Founder,05 Dec 2024
Zoe,Zhou,https://www.linkedin.com/in/zoe-zhou-54709129b,,LSESU Entrepreneurs,Women in Entrepreneurship Event Project Director,05 Dec 2024
Eddie,Childs,https://www.linkedin.com/in/eddie-childs,,180 Degrees Consulting,Team Lead,05 Dec 2024
Sophie,Yau,https://www.linkedin.com/in/sophie-yau,,Really Good Culture,Product Development & Strategist,05 Dec 2024
Ideja,Bajra,https://www.linkedin.com/in/idejabajra,,Edvance AI,Founder & CEO,05 Dec 2024
Glendon,Lai,https://www.linkedin.com/in/glendon-lai-2a70b8302,,,,05 Dec 2024
Olivia,Qian,https://www.linkedin.com/in/olivia-qian-7a8948245,,Women in Entrepreneurship,Founding Co-president,05 Dec 2024
Preet,Patel,https://www.linkedin.com/in/preetvp,,VisaWire,CEO & Co-Founder,04 Dec 2024
Rahul,Chaturvedi,https://www.linkedin.com/in/rahulchatur,,Misona,Founder,04 Dec 2024
Alramina,Myrzabekova,https://www.linkedin.com/in/alramina-mz,,EY,Technology Risk Consultant,04 Dec 2024
Saki,Mizuno,https://www.linkedin.com/in/sakimizuno,,Asir Luxe,Founder & CEO,04 Dec 2024
Luis,Woite,https://www.linkedin.com/in/luis-woite-365361226,,SK Venture Partners,Analyst | Venture Capital,04 Dec 2024
George,Patin,https://www.linkedin.com/in/georgepatin,,Potentia Fellowship,Fellow & Project Manager,04 Dec 2024
Jenn,Zeng,https://www.linkedin.com/in/shuyuezeng,,Co-Founders Connect,Co-Founder & Host,04 Dec 2024
Liya,Abraham,https://www.linkedin.com/in/liyaabraham,,Clear,Growth and Marketing Intern,04 Dec 2024
Remus,Poon,https://www.linkedin.com/in/remuspn,,Calmi,Founder,04 Dec 2024
Denise,See,https://www.linkedin.com/in/denisecym,,Freelance,Creative,04 Dec 2024
Jared,Stoloff,https://www.linkedin.com/in/jared-stoloff-496307273,,TTP plc,Electronics Engineer (Neurotechnology Team),03 Dec 2024
Hanah,Omer,https://www.linkedin.com/in/hanah-omer-a76586248,,NatWest Group,Software Developer,03 Dec 2024
Sonam,Pahlajani,https://www.linkedin.com/in/sonam-pahlajani-017a3626a,,Creative Entrepreneur Society,Marketing Specialist,03 Dec 2024
Daniel,Merighi,https://www.linkedin.com/in/daniel-merighi-711100243,,Gradstay,Co-Founder,03 Dec 2024
Claudia,Maggi,https://www.linkedin.com/in/claudiamaggi,,Kickstart Global,Founder Under 24 Fellow,03 Dec 2024
Tara Chloe,Namgyal,https://www.linkedin.com/in/taracnamgyal,,Blossom Art School,Studio Tutor,03 Dec 2024
Doğa,Er,https://www.linkedin.com/in/doga-er,,Zleep,Founder’s Associate,03 Dec 2024
Amanda,Ang,https://www.linkedin.com/in/amandaang,,Creative Entrepreneur Society,Partnerships Lead,03 Dec 2024
Zayn Ali,Panjwani,https://www.linkedin.com/in/zayn-ali-panjwani-38b441251,,FixIt ,Entrepreneur,03 Dec 2024
Mert,Yildiz,https://www.linkedin.com/in/mert-yildiz-5578b91a8,,Urban Symbiotics,Research and Engagement Lead,03 Dec 2024
Dimitrios Michail,Perdikoulis,https://www.linkedin.com/in/dmp-eyp,,Arethos Luxury Group,Founder,03 Dec 2024
Dina,Taher,https://www.linkedin.com/in/dina-taher-580197229,,LSESU Business & Investment Group,Co-Head of Consulting,03 Dec 2024
Samraddhi,Awasthi,https://www.linkedin.com/in/samraddhi,,YouTube,Content Creator,02 Dec 2024
Reena,Wong,https://www.linkedin.com/in/reena-wong-a5a9bb1a9,,Anomalyst Studio,Junior Motion Graphics Designer,02 Dec 2024
Sharlene,Kwek,https://www.linkedin.com/in/sharlene-kwek-2433aa225,,Fayth,Retail Salesperson,02 Dec 2024
Miu Yuk,Cheung ,https://www.linkedin.com/in/miu-yuk-cheung-52953724b,,Enactus KCL,Co President,02 Dec 2024
Amina,Plotnova,https://www.linkedin.com/in/amina-plotnova-65aaa1238,,Creative Entrepreneur Society,Partnerships team,02 Dec 2024
Sarah Kelly,Tan,https://www.linkedin.com/in/sarahktan,,UAL Singapore Society,Treasurer,02 Dec 2024
Hammad,Rashid,https://www.linkedin.com/in/hammad-rashid-23a3ba284,,Value Added Travel,Data Analyst,01 Dec 2024
Rayeeda,Siddiqui,https://www.linkedin.com/in/rayeedasiddiqui,,Bounsel,Business Development Representative,01 Dec 2024
Gabriel,Fracassi,https://www.linkedin.com/in/gabrielfracassi,,Sircle Collection,People & Culture Coordinator,01 Dec 2024
Alisha,Sharma,https://www.linkedin.com/in/alisha-sharma-017544213,,Universe Ventures,Founder,01 Dec 2024
Mohammadadnaan,Zinka,https://www.linkedin.com/in/mohammadadnaan-zinka-8b5498279,,University of Central Lancashire,Student Ambassador,01 Dec 2024
Alan,Ibrahim,https://www.linkedin.com/in/alanibraa,,Excel Tutors,Academic Tutor,01 Dec 2024
Akerke,Imanzhanova,https://www.linkedin.com/in/akerke-imanzhanova,,Creative Entrepreneur Society,Marketing Team,01 Dec 2024
Jay,Shah,https://www.linkedin.com/in/jayrshah41,,King's Capital,Quantitative Associate,29 Nov 2024
Yann Alexandre,Petretti,https://www.linkedin.com/in/yannpetretti,,Notion,Marketing Lead EMEA,27 Nov 2024
Uliana,Kobzareva,https://www.linkedin.com/in/kobzareva-uliana,,Notion,Организатор электронных пространств в программе Notion,27 Nov 2024
Alec,Gehlot,https://www.linkedin.com/in/alecgehlot,,Optimove,Solutions Engineer,27 Nov 2024
Muhammad,Hamza,https://www.linkedin.com/in/muhammad-hamza-9342a2184,,Quecko Inc.,React Native Developer,24 Nov 2024
Abdurrahmaan,Manga,https://www.linkedin.com/in/abdurrahmaan-manga-37bb7a286,,University Hospitals of Leicester NHS Trust,Resident Doctor,24 Nov 2024
Jiwei,Cao,https://www.linkedin.com/in/jiwei-cao-a89924294,,IBM,IBM Z Datathon,24 Nov 2024
Muhammad,Hussain,https://www.linkedin.com/in/muhammad-h-hussain,,Queen Mary School of Electronic Engineering and Computer Science,Lab Demonstrator,23 Nov 2024
Yutaka,Shibata,https://www.linkedin.com/in/yutaka-shibata-924947278,,,,23 Nov 2024
Mirkazim,Seyidzade,https://www.linkedin.com/in/mirkazim-seyidzade-731223205,,TALAB,Co-Founder & CEO,21 Nov 2024
Shota,Natenadze,https://www.linkedin.com/in/shota-natenadz3,,Ripple,"Associate Manager, PM",21 Nov 2024
Vivienne ,Tan,https://www.linkedin.com/in/vivienne-tan,,PwC,Campus Ambassador,20 Nov 2024
Rhys,Cheung,https://www.linkedin.com/in/rhys-cheung,,ASES London,ASES London Fellow,20 Nov 2024
Hector,Laine,https://www.linkedin.com/in/hector-laine-2156a8279,,firstminute capital,Student Ambassador,20 Nov 2024
Acil,Djehiche,https://www.linkedin.com/in/acil-djehiche,,Queen Mary University of London,Laboratory Demonstrator,20 Nov 2024
Yasin,Ali,https://www.linkedin.com/in/yasin-ali-52b479282,,Self-employed,Private Mathematics Tutor,20 Nov 2024
Asim,Khan,https://www.linkedin.com/in/asim-khan-baloch,,Headstarter AI,Software Engineering Fellow,20 Nov 2024
Francis,Monaja,https://www.linkedin.com/in/monaja-francis,,Agromanna,Founder,20 Nov 2024
Andrea Filip,TORTELLA,https://www.linkedin.com/in/andrea-filip-tortella-98498321a,,World Economic Forum,Delegate,20 Nov 2024
Siddhi,Mittal,https://www.linkedin.com/in/siddhimittal23,,yhangry (YC W22),Co-CEO,18 Nov 2024
Antonina,Sukhanova,https://www.linkedin.com/in/antonina-sukhanova-6a15a025a,,Virtual Startup Campus,Community Member,16 Nov 2024
Sarina,Chen,https://www.linkedin.com/in/sarina-chen-503abb219,,Creative Entrepreneur Society,Marketing and Communication Team,16 Nov 2024
Tobi-Anna,Ivuerah,https://www.linkedin.com/in/tobi-anna-ivuerah-77b784212,,,,15 Nov 2024
Alfie,Adams-House,https://www.linkedin.com/in/alfie-adams-house-6b48792a0,,Bett Global,Floorplan Account Manager - Teaching & Learning Zone,15 Nov 2024
Hok Chi Marco,Wong,https://www.linkedin.com/in/marcowonghktw,,Taiwan Mobile,DevOps Engineer (Internship),15 Nov 2024
Matthew,Akambong,https://www.linkedin.com/in/matthew-akambong-2b7567177,matthew.abugdag@gmail.com,Notion,Campus Leader,15 Nov 2024
Najma,Abdullahi,https://www.linkedin.com/in/abdullahinajma731,,,,14 Nov 2024
Ashlee,Taurua,https://www.linkedin.com/in/ashlee-taurua-3031b1141,,BDO UK LLP,Early Careers Advisor,12 Nov 2024
Arjun,Yadav,https://www.linkedin.com/in/y-arjun-y,,Kickstart Global,Technology Director,11 Nov 2024
Tasneem,Ahamed,https://www.linkedin.com/in/tasneemahamed,,Foreign Policy and Security Conference,Speaker Relations Director,11 Nov 2024
Nipun,Garg,https://www.linkedin.com/in/nipun-garg-45a6852a9,,Devsh Graphics Programming,Rendering Engineer,10 Nov 2024
Isabel,Smidt,https://www.linkedin.com/in/isabel-smidt-6b9045230,,Amazon Web Services (AWS),AWS AI Immersion,10 Nov 2024
Tara,Wu,https://www.linkedin.com/in/tara-wu,,Highlander Consulting Group (HCG),President,06 Nov 2024
Mariam,Mdivani,https://www.linkedin.com/in/mashomdivani,,London Finance and Business Union,Corporate Relations Associate,06 Nov 2024
Ye Thurein,Win,https://www.linkedin.com/in/ye-thurein-win,,Blitzo,Software Engineer Intern,05 Nov 2024
Ally,Yuen,https://www.linkedin.com/in/ally-yuen,,Global Spark,Managing Director of Design and Marketing,04 Nov 2024
Charlie,Sampson,https://www.linkedin.com/in/charlie-sampson,,The Thrive Programme,Coach at The Thrive Programme,04 Nov 2024
Harishkumar,Natarajan,https://www.linkedin.com/in/harishkumar-natarajan-30bb41291,,University of Greenwich,Student Ambassador,04 Nov 2024
Fraser,Cambell,https://www.linkedin.com/in/fraser-cambell-8b2426a6,,Synergy Media ,Executive Community Lead ,04 Nov 2024
Eric,Nguyen,https://www.linkedin.com/in/tan-duy-nguyen,,Strand Ventures,Founding Partner ,04 Nov 2024
Julianna,Guan,https://www.linkedin.com/in/julianna-g-7a057b2a0,,IOE - UCL's Faculty of Education and Society,IOE Ambassador ,04 Nov 2024
Blake Hanyuan,Jiang,https://www.linkedin.com/in/blake-jiang,,Notion,Campus Leader,04 Nov 2024
Cullen,Campana,https://www.linkedin.com/in/cullen-campana-18b282270,,DHL Supply Chain,Material Handler,04 Nov 2024
Usman,Khan,https://www.linkedin.com/in/usman-khan-593b28238,,Lambda Tuition,Entrepreneur,04 Nov 2024
Saihan,Marshall,https://www.linkedin.com/in/saihan-marshall,,Amazon Web Services (AWS),Network Development Engineer,31 Oct 2024
Vitaliy,Semenenko,https://www.linkedin.com/in/vitaliy-semenenko-885714313,,Accellabs,Senior Project Manager,31 Oct 2024
Muhsin,Mohamed,https://www.linkedin.com/in/muhsin-mohamed,,King's Labs,Principal,31 Oct 2024
Key,Paul-Fitton,https://www.linkedin.com/in/kpaul-fitton,,Amazon Web Services (AWS),Solutions Architect,30 Oct 2024
Jenny,Zhou,https://www.linkedin.com/in/yingying-jenny-zhoudong,,Amazon Web Services (AWS),Startups Solutions Architect II,28 Oct 2024
Clark Keith Ejercito,Chavez,https://www.linkedin.com/in/clarkkeithejercitochavez,,King's Entrepreneurs Society,Special Projects Associate,28 Oct 2024
Abdulahi,Sharif,https://www.linkedin.com/in/abdulahisharif,,O2 (Telefónica UK),Retail Sales Associate,26 Oct 2024
MD Redowanuzzaman,Rayan,https://www.linkedin.com/in/md-redowanuzzaman-rayan-b16370333,,Project Unity 🇧🇩,Founder,25 Oct 2024
Jacopo,Bounous,https://www.linkedin.com/in/jacopo-bounous-64270a220,,Notion,Notion Campus Leader,23 Oct 2024
Farhana,Ferdous,https://www.linkedin.com/in/farhana-ferdous-4b024a2a1,,Gurujon,Private Tutor,22 Oct 2024
Melih,Okur,https://www.linkedin.com/in/melih-okur,,EY,Smart Futures Programme,21 Oct 2024
Emily,Wu,https://www.linkedin.com/in/emilywu100,,MyTutor.co.uk,Mathematics Tutor,21 Oct 2024
Li,Tz Lung,https://www.linkedin.com/in/litzlung,,Eduabler,"Co-Founder, CFO",21 Oct 2024
Mahir,Intesar,https://www.linkedin.com/in/mahir-intesar,,Legit Banda,Executive - Influencer Marketing ,21 Oct 2024
Anna,Nguyen,https://www.linkedin.com/in/annatruc,,Tea Time Tips,Founder & Host,21 Oct 2024
Prakriti,Garg,https://www.linkedin.com/in/prakriti-garg-664459214,,Kickstart Global,Managing Director,20 Oct 2024
Ashvin,Valentine,https://www.linkedin.com/in/ashvin-valentine,,,,20 Oct 2024
Tariq,C.,https://www.linkedin.com/in/tariquddinchowdhury,,RefreshMyCar,Car Detailer (Co-Founder),20 Oct 2024
Maxwell,Shults,https://www.linkedin.com/in/maxwell-shults-b6b1402ab,,Academy Music Group,Bar Staff,20 Oct 2024
Lissan,Koirala,https://www.linkedin.com/in/lissankoirala,,King's College London,Research Assistant,19 Oct 2024
Sinem,Tunalı,https://www.linkedin.com/in/sinem-tunali,,King's College London,PALS Leader (Peer Assisted Learning Scheme),19 Oct 2024
Paul-Nino,Colabuono-McDonagh,https://www.linkedin.com/in/paul-nino-colabuono-mcdonagh,,CMD Careers,Co-Founder,19 Oct 2024
Frederick,Brooke,https://www.linkedin.com/in/frederick-brooke-704b4b231,,,,18 Oct 2024
Jolyn,Yin,https://www.linkedin.com/in/jolyny,,Creative Entrepreneur Society,President (Founding Committee),18 Oct 2024
Aamukta (Ammu),Thogata,https://www.linkedin.com/in/ammubean,,King's College London,PHD Mentorship - Ethics in AI & Language Learning Models,15 Oct 2024
Wael,Khafagi,https://www.linkedin.com/in/wael-khafagi-b45287216,,"City, University of London",Filipino Society President,15 Oct 2024
Adrian,Yip,https://www.linkedin.com/in/adrian-yip-cs,,HSBC,Incoming Spring Intern,15 Oct 2024
Orestis,Iona,https://www.linkedin.com/in/orestis-iona-cs,,Thought Machine,Software Engineer,15 Oct 2024
Artem,Shportko,https://www.linkedin.com/in/artem-shportko-334a2b227,,Bank RBK,Market & Strategic Risk Summer Analyst,15 Oct 2024
Christy,Choi,https://www.linkedin.com/in/christy-choi-dev,,Warevalley,Software Engineer,15 Oct 2024
Arthur,Hsia,https://www.linkedin.com/in/arthur-hsia-b02a34247,,Charitable Choice,Intern,15 Oct 2024
Yakshdevsing,Boodhun,https://www.linkedin.com/in/yakshdevsing-boodhun-174a42327,,Mauritius Network Services Ltd,Intern,15 Oct 2024
Rania,Shah,https://www.linkedin.com/in/raniavshah03,,King's Entrepreneurs Society,Head of Events,14 Oct 2024
Kihoon,Kim,https://www.linkedin.com/in/kihoonx,,Notion,CL,13 Oct 2024
Sally,Lo,https://www.linkedin.com/in/sallylo079,,ASES London,Co-Director,12 Oct 2024
Lian,Matsuo,https://www.linkedin.com/in/lian-matsuo-95497128a,,TAKAGIYA,Waiter,11 Oct 2024
Fasih,Rahman,https://www.linkedin.com/in/fasih-rahman-952411327,,,,10 Oct 2024
Talha,Capkinoglu,https://www.linkedin.com/in/talha-capkinoglu-664ab1271,,Skewers London,Marketing Content Specialist,10 Oct 2024
Furqan,Shahid,https://www.linkedin.com/in/furqan-shahid99,,T. Rowe Price,Software Engineer,09 Oct 2024
Jack,Tame,https://www.linkedin.com/in/jack-tame-34156687,,FSP,Employee Experience Lead,08 Oct 2024
Kayan,Intwala,https://www.linkedin.com/in/kayan-intwala,,Kickstart Global,Outreach Director,08 Oct 2024
Alejandro,Newport,https://www.linkedin.com/in/alejandro-newport-67087a225,,Grupo Newport,Técnico de sistemas,08 Oct 2024
Faisa,Mohamed,https://www.linkedin.com/in/faisa-mohamed,,Notion,UK Community Program Manager,08 Oct 2024
Joseph ,John,https://www.linkedin.com/in/joseph-john-1766a030a,,Independent Recruitment Partner,Recruitment Consultant,07 Oct 2024
Ibrahim,Kashif,https://www.linkedin.com/in/ibrahim-kashif-153a0025a,,Arm,Incoming SWE Intern,07 Oct 2024
Lana,Al Utaibi,https://www.linkedin.com/in/lana-a-5b2394218,,King's College London,Research Assistant,07 Oct 2024
Ranjit,Brar DipPFS,https://www.linkedin.com/in/ranjit-brar-dippfs-a6900123a,,Fortura Financial Partners Ltd,Financial Advisor,07 Oct 2024
Isaac,Mandela Ntegeka,https://www.linkedin.com/in/isaacntegeka,,Chunguza Travel,Co-Founder,06 Oct 2024
Rahim,Boulkenafet,https://www.linkedin.com/in/rahim-boulkenafet,,,,05 Oct 2024
Luke,Szpiek,https://www.linkedin.com/in/luke-szpiek-9a81781a3,,Egress Software Technologies,Senior Business Analyst,01 Oct 2024
Arjun,Prasanna Kumar,https://www.linkedin.com/in/arjun-prasanna-kumar-bb3a25296,,JLR,Software Engineer,01 Oct 2024
Mohammad ,Ahmed,https://www.linkedin.com/in/mohammad-daniyal-ahmed,,JLR,Thermal Test & Development Engineer,01 Oct 2024
Tianzhi,Hou,https://www.linkedin.com/in/tianzhi-hou-640334236,,KCL Robotics,Member,01 Oct 2024
Saadh,Zahid,https://www.linkedin.com/in/saadhzahid,,Meta,Software Engineer,01 Oct 2024
Shah,Anwar,https://www.linkedin.com/in/shah-anwar,,King's College London,Computer Science Student,01 Oct 2024
Jonathan,Tollesson,https://www.linkedin.com/in/jonathantollesson,,Notion,Notion Campus Leader,01 Oct 2024
Faraz,Ahmad,https://www.linkedin.com/in/faraz-ahmad-cs,,King's Entrepreneurs Society,Launch London Head | a KES initiative ,01 Oct 2024
Ché-Anne ,Davis-Leahy,https://www.linkedin.com/in/ch%C3%A9-anne-davis-leahy-958557237,,,,01 Oct 2024
Shafkat,Khan,https://www.linkedin.com/in/shafkatkhan,,Self-employed,Full Stack Developer,24 Sep 2024
Mehrab,Rahman,https://www.linkedin.com/in/mehrab-rahman-a518a8281,,TuitionBase,Centre Manager,24 Sep 2024
Aravinth,Kaneshalingam,https://www.linkedin.com/in/aravinth-kaneshalingam,,Springpod,Software Development Virtual Work Experience,23 Sep 2024
Feroz,Agha,https://www.linkedin.com/in/feroz-agha-909737294,,,,22 Sep 2024
Ammiel,Wan,https://www.linkedin.com/in/ammiel-wan,,WellPrepped Education,Co-Founder,21 Sep 2024
Adam,Zakieh,https://www.linkedin.com/in/adam-zakieh,,KCL Racing,Electronics & Driver Control Developer,21 Sep 2024
Jiwoo,Seo,https://www.linkedin.com/in/jiwoo-seo-6b7435284,,ScienceMind,Writer,20 Sep 2024
Christian Gavin,Mercado,https://www.linkedin.com/in/christian-gavin-mercado-b1b666267,,SSP Group plc,Starbucks Barista,20 Sep 2024
Julia,Splavska,https://www.linkedin.com/in/julia-splavska,,Peninsula UK,Litigation Consultant,20 Sep 2024
Yeehyeon Kim,(김이현),https://www.linkedin.com/in/yeehyeon-kim-909b312a1,,Squarify,프로그램 매니저,20 Sep 2024
Abyan,Memon,https://www.linkedin.com/in/abyan-memon,,KCL Racing,Aerodynamics Engineer,19 Sep 2024
Eliana,Covell,https://www.linkedin.com/in/eliana-covell-b48767205,,King's Think Tank,President,19 Sep 2024
Lucía,Fogarin,https://www.linkedin.com/in/luc%C3%ADa-fogarin,,Intel Corporation,Dell Account Sales Development Intern,19 Sep 2024
Rishad,Uzzaman,https://www.linkedin.com/in/rishaduzzaman,,,,18 Sep 2024
Hafsa,Ahmad,https://www.linkedin.com/in/hafsa-ahmad-539455177,,King's College London,Kings Graduate Teaching Assistant,18 Sep 2024
Riyad,Uzzaman,https://www.linkedin.com/in/riyad-uzzaman,,C-Co,Co-founder,17 Sep 2024
Talal,AlOhali,https://www.linkedin.com/in/talal-alohali,,aramco,Saudi Aramco Summer Enrichment Program (SEP),17 Sep 2024
Sunyoung,Baek,https://www.linkedin.com/in/sunyoungbaek,,KPMG,intern,17 Sep 2024
Iffat,Tasneem,https://www.linkedin.com/in/iffat-tasneem-997633166,,SYGMAZ,Architect and 3D visualizer,17 Sep 2024
Jason,Chan,https://www.linkedin.com/in/jason-chan-9474441bb,,Camstart,Trustee,17 Sep 2024
Shania,Janine,https://www.linkedin.com/in/shania-janine,,Creative Lives in Progress,Listings Coordinator and Social/Marketing Support,16 Sep 2024
Yusaf,Mahmood,https://www.linkedin.com/in/yusafmahmood,,One Umbrella,Director,16 Sep 2024
Mst Jabin,Jaman,https://www.linkedin.com/in/jabin-jaman,jabinjaman747@gmail.com,MOMEDS Africa ,Graphics Designer,16 Sep 2024
Aliya,Ghafoor,https://www.linkedin.com/in/aliya-g-72675a323,,King's College London,Undergraduate Student Ambassador,16 Sep 2024
Haruki,Inoue,https://www.linkedin.com/in/haruki1090,,Notion,Notion Campus Leader,16 Sep 2024
Aahil,Namajee,https://www.linkedin.com/in/aahil-namajee,,Citadel,Incoming Discover Citadel,15 Sep 2024
Roba,Alnushayri ,https://www.linkedin.com/in/roba-alnushayri,,مجتمع التصنيع | Manufacturing Community,President,15 Sep 2024
Minseo,Choo,https://www.linkedin.com/in/choo-minseo-,,주한영국문화원 어학원,Class Assistant,15 Sep 2024
Rebecca,Fayad,https://www.linkedin.com/in/rebecca-fayad,,Imperial College Investment Society,President,15 Sep 2024
Yasser,Aimeur,https://www.linkedin.com/in/yasser-aimeur-383930226,,Freelance,Freelance Web Developer,14 Sep 2024
Michelle,Sun,https://www.linkedin.com/in/michelle-sun-171239217,,John Deere,Software Engineer,12 Sep 2024
Reece ,Khan,https://www.linkedin.com/in/reecekhan,,Creator Fund,Associate Investment Partner,12 Sep 2024
Callum,Hill,https://www.linkedin.com/in/hillcallum,,Creator Fund,Associate Student Investment Partner,12 Sep 2024
Vishal,Kumar,https://www.linkedin.com/in/vishal-kumar-6b5694269,,Amadeus,Software Development Engineer Internship,12 Sep 2024
Amine,Zarouali,https://www.linkedin.com/in/amine-zarouali,,Amine Zarouali | Notion Expert,Eigenaar,12 Sep 2024
Debashis,Sapno,https://www.linkedin.com/in/debashis-sapno-1646bb182,,SI,Senior Counselor,12 Sep 2024
Francisco,Razzari,https://www.linkedin.com/in/razzari,,Nordea,Service Operations Officer in Corporate Actions,12 Sep 2024
Gabrielle Yee Shiuan,Tan,https://www.linkedin.com/in/gabrielle-yee-shiuan-tan-0b7061328,,Innotech Design Architect Sdn Bhd,Architectural Intern,11 Sep 2024
Reese,Wong,https://www.linkedin.com/in/reesewong1,,World Economic Forum,Curator (President) - London Hub II,10 Sep 2024
,,,,,,10 Sep 2024
Ryan,Grosso,https://www.linkedin.com/in/ryan-grosso,,Datalogz,VP of Product and Engineering ,10 Sep 2024
Aritro,Roy,https://www.linkedin.com/in/zoopi,,Kevlar.,Personal Project,10 Sep 2024
Siddhartha,Sensharma,https://www.linkedin.com/in/siddhartha-sensharma,,Newton's Meter,Founder,09 Sep 2024
Zarif,Tashdeed,https://www.linkedin.com/in/zarif-tashdeed,,Notion,Notion Campus Leader,09 Sep 2024
,,,,,,09 Sep 2024
Dania,Hafid,https://www.linkedin.com/in/dania-h-1b9445170,,NIHR (National Institute for Health and Care Research),Clinical Trials Intern,09 Sep 2024
Bassel,Deghaidy,https://www.linkedin.com/in/bassel-deghaidy,,United Nations Global Compact,UNGC PGS Regional Leader for Africa,09 Sep 2024
Nuria,Shafqat,https://www.linkedin.com/in/nuria-shafqat,,Notion,Notion Campus Leader,09 Sep 2024
Noah,Galbraith,https://www.linkedin.com/in/noah-galbraith-101993224,,UCL Investment Society,Mentorship Executive,09 Sep 2024
Zoë,Constantinou,https://www.linkedin.com/in/zo%C3%AB-constantinou-7b2ba597,,Barts and The London School of Medicine and Dentistry,Medical Student,09 Sep 2024
Rachel,Duff,https://www.linkedin.com/in/rachel-duff03,,Foundry Health,Analyst Intern,09 Sep 2024
Med Lamine Karim,ADJAOUT,https://www.linkedin.com/in/amine-adjaout,,AQUAGRO Investment BET,Studies Engineer,08 Sep 2024
Dan,Thomson,https://www.linkedin.com/in/dan-thomson-sensay,,Sensay,Founder & CEO,04 Sep 2024
Maryam,Yousuf,https://www.linkedin.com/in/maryam-y-083334281,,Virgin Media,Student Ambassador,04 Sep 2024
Syed,Noor Ali,https://www.linkedin.com/in/syed-noor-ali-dev,,"Al-Khawarizmi Institute of Computer Science (KICS), UET Lahore",AI Researcher,04 Sep 2024
Adriana,Caraeni,https://www.linkedin.com/in/adriana-caraeni,,MassAI,Project Lead,27 Aug 2024
Mariam,Asif,https://www.linkedin.com/in/mariam-asif-987b342b3,,UCL History Society,Events officer,27 Aug 2024
Muhammad Saad,Faisal,https://www.linkedin.com/in/muhammad-saad-faisal,,Code Ninjas,Code Sensei,27 Aug 2024
Param,Patel,https://www.linkedin.com/in/paramp1,,,,27 Aug 2024
Ibraheem,Omer,https://www.linkedin.com/in/ibraheemomer,,sense.ai,Co-Founder,27 Aug 2024
Atqa,Rana,https://www.linkedin.com/in/atqa-rana,,247AI,AI Engineer,27 Aug 2024
Saniya,Bharde,https://www.linkedin.com/in/saniya-bharde,,Headstarter AI,Software Engineering Fellow at Headstarter AI,27 Aug 2024
Anton,Harrison-Kern,https://www.linkedin.com/in/antonharrisonkern,,Harrison-Kern Pty Ltd,Director/Rain Maker,27 Aug 2024
Rukaiah,Edhah,https://www.linkedin.com/in/rukaiah-edhah,,Masari Tech,Co-Founder ,27 Aug 2024
Areeq,Khaled,https://www.linkedin.com/in/areeq-khaled-b429872b6,,HomeMade Pizza Company,Factory Worker,27 Aug 2024
Wael,Ben Slima,https://www.linkedin.com/in/wael-ben-slima,,Headstarter AI,Software Engineering Fellow,27 Aug 2024
Kavisha,Gupta,https://www.linkedin.com/in/kavisha-gupta612,,University of Leeds,School Representative - Department of Computing,27 Aug 2024
Mauricio,Lopez De La Cruz,https://www.linkedin.com/in/maulop-dlc,,Headstarter AI,Software Engineering Fellow,27 Aug 2024
Pranav,Sreepathi,https://www.linkedin.com/in/pranav-sreepathi-3407bb285,,Freelance,Freelance Software Engineer,27 Aug 2024
Olga,Geidane,https://www.linkedin.com/in/olgageidane,olga@newlifekickstart.com,Professional Speaking Association,Regional President,27 Aug 2024
Isabela,Piazza,https://www.linkedin.com/in/isabela-piazza-2584b52a0,,King's College London Mathematics School,Teaching Assistant,27 Aug 2024
Abiha,Tasnim,https://www.linkedin.com/in/abiha-tasnim-480a36224,,The Social Mobility Foundation,Social mobility foundation,27 Aug 2024
Ayman,Abdalla,https://www.linkedin.com/in/ayman-abdalla1,,JPMorganChase,Software Engineer,26 Aug 2024
Sana,Ayesha,https://www.linkedin.com/in/sana-ayesha-7a54b1218,,TEDxMSRIT,Head of Hospitality and Content Curation,26 Aug 2024
Osman,Mehmood,https://www.linkedin.com/in/osman-mehmood-10148b268,,Headstarter,Software Engineering Resident,25 Aug 2024
Abdullaah,Nur,https://www.linkedin.com/in/abdullaah-nur,,,,25 Aug 2024
Wealthie,Tjendera,https://www.linkedin.com/in/wealthie-tj,,King's College London Indonesian Society ,Events Officer,24 Aug 2024
Khadija,Hashim,https://www.linkedin.com/in/khadija-hashim-2b10522b6,,King's College London,Subject Ambassador,18 Aug 2024
Thomas,Nguyen,https://www.linkedin.com/in/thomas-nguyen05,,ExeAI,Co-Founder,17 Aug 2024
Emaan,Baluj,https://www.linkedin.com/in/emaanbaluj,,Southampton Quantitative Finance Society,Quantitative Developer,17 Aug 2024
Ethar,Hussein,https://www.linkedin.com/in/ethar-hussein,,University of Illinois Urbana-Champaign,Founder of FURSA / Grant Winner @ Cozad New Venture Challenge,17 Aug 2024
Lilly,Montelle,https://www.linkedin.com/in/lilm,,Columbia Engineering,Computer Science Teaching Assistant,16 Aug 2024
Shamael Tariba,Hossain,https://www.linkedin.com/in/shamael-tariba-hossain-3280742a8,,JAAGO Foundation,"Intern, Fundraising and Grants Management",15 Aug 2024
Muriel,Tokam,https://www.linkedin.com/in/muriel-tokam,,The Job Seeker Hub,Founder,15 Aug 2024
Gifty,Asamoah,https://www.linkedin.com/in/gifty-asamoah-344172a7,,Prophets of AI,African Representatives,13 Aug 2024
Moeed,Rafi,https://www.linkedin.com/in/moeed-rafi,,Headstarter AI,Software Engineer Fellow,13 Aug 2024
Wasif,Khan,https://www.linkedin.com/in/wasifkhan4,,Develop for Good,Product Manager,13 Aug 2024
Mahmoud,Abdelfattah,https://www.linkedin.com/in/mahmouda01,,Lancaster University,Teaching Assistant,13 Aug 2024
Andrew,Shiroma,https://www.linkedin.com/in/andrewshiroma,,Headstarter,Software Engineering Resident,13 Aug 2024
Lynjai,Jimenez,https://www.linkedin.com/in/lynjai-jimenez,,Headstarter,Software Engineering Resident,11 Aug 2024
Manha,Siddiqua 🐢,https://www.linkedin.com/in/manha-siddiqua,,IEEE University of Toronto Student Branch,External Relations Associate,09 Aug 2024
Fudail,Ahmed,https://www.linkedin.com/in/fudailahmed,,Headstarter AI,Incoming Software Engineering Fellow at Headstarter AI,08 Aug 2024
Oumou Calthoum,Diallo,https://www.linkedin.com/in/oumoucdiallo,,Mentor Me Collective,Project Coordinator,08 Aug 2024
Olivia,Wininsky,https://www.linkedin.com/in/oliviawininsky,,CS McKee,Investor,08 Aug 2024
Maheen Akhtar,Khan,https://www.linkedin.com/in/maheen-akhtar-khan-377082267,,Pam,Full Stack Developer,08 Aug 2024
Muhammad Nayel,Zahid,https://www.linkedin.com/in/muhammad-nayel-zahid-34102b321,,Cyntax Health Projects ,Research and Content Writing Intern,07 Aug 2024
Hadeel,Omar,https://www.linkedin.com/in/hadeel-omar-40a388255,,Warner Bros. Discovery,Incoming Software Development Engineering Intern,07 Aug 2024
Xindi,CHENG,https://www.linkedin.com/in/xindi-cheng-401202268,,Xiaohongshu,Digital Marketing Specialist,07 Aug 2024
Rhian,Li,https://www.linkedin.com/in/rhian-li,,Meta,Incoming Software Engineering Intern,07 Aug 2024
Yahya Husain,Ul Hasan,https://www.linkedin.com/in/yahya-husain,,EmFlex,Software Developer Intern,05 Aug 2024
Lloyd,Chang,https://www.linkedin.com/in/lloydchang,,Limelight,"Engineering Manager, DevOps",04 Aug 2024
Julian,Alvarez 🚀,https://www.linkedin.com/in/julianalvarez42,,Jungle,Co-Founder & CEO,03 Aug 2024
Hajra,Uddin,https://www.linkedin.com/in/hajra-u-32a9a5232,,Marish primary school,Teaching assistant (SEN),02 Aug 2024
Muhammad,Bhutawala,https://www.linkedin.com/in/muhammad-bhutawala,,KARBHARI & CO. ACCOUNTANTS LIMITED,Data Analyst,02 Aug 2024
Nawaz,Raja,https://www.linkedin.com/in/nawaz-raja-2144301a5,,H&M,Sales Advisor,31 Jul 2024
Atharva,Choudhary,https://www.linkedin.com/in/atharva-choudhary-1ba373277,,Headstarter AI,Software Engineering Fellowship,30 Jul 2024
Sami,Kilani,https://www.linkedin.com/in/samikilani,,PwC,Mentee,30 Jul 2024
Angelika,Etherington-Smith,https://www.linkedin.com/in/angelika-etherington-smith-907029170,,Roar News,Misinformation Correspondent,30 Jul 2024
Hifzur,Rahman,https://www.linkedin.com/in/hifzur-rahman-a0883b219,,Orchid,Deep Learning Engineer,29 Jul 2024
Aaliyah,Merchant,https://www.linkedin.com/in/aaliyahmerchant,,Google,Software Engineer Intern,29 Jul 2024
Hala,Benchiheb,https://www.linkedin.com/in/hala-benchiheb,,Rofoofee,Frontend Developer,29 Jul 2024
Avis,Fung,https://www.linkedin.com/in/avis-fung,,Cana Academy Limited,Mathematics and Computer Science Tutor ,29 Jul 2024
Muzamil,Ali,https://www.linkedin.com/in/muzami1ali,,KCL Cyber Security Society,Treasurer,27 Jul 2024
Koichi,Ueno,https://www.linkedin.com/in/koichi-ueno,,Google,Software Engineer,26 Jul 2024
Logan,Havern,https://www.linkedin.com/in/loganhavern,,Datalogz,CEO & Founder,26 Jul 2024
Sakib,Imamul Hoque,https://www.linkedin.com/in/sbque05,,Headstarter AI,Software Engineer,26 Jul 2024
Nabeel,🦄 ,https://www.linkedin.com/in/nabeelalamgir,,Lunchbox,CEO and Founder,26 Jul 2024
Dustin,Beadle,https://www.linkedin.com/in/dabeadle,,Tenstorrent,Global GTM Strategy and Business Development,26 Jul 2024
Nuzhat,Minhaz,https://www.linkedin.com/in/nuzhatminhaz,,Microsoft,Product Manager II,26 Jul 2024
Shariar,Kabir,https://www.linkedin.com/in/shariar-kabir,,Stealth,Founder,26 Jul 2024
Nafisa,Anmul,https://www.linkedin.com/in/nafisa-anmul,,Mount Holyoke College,Project Manager,26 Jul 2024
Nancy,Uddin,https://www.linkedin.com/in/nancy-uddin,,Stealth Startup,Chief of Staff,26 Jul 2024
Sabab,Karim,https://www.linkedin.com/in/sabkrm,,Deutsche Bank,Assistant Vice President,26 Jul 2024
Kazi ,Tasin,https://www.linkedin.com/in/kazitasin,,National Science Foundation (NSF),REU Scholar,26 Jul 2024
Arnab,Bhowmik,https://www.linkedin.com/in/arnab-bhowmik-12422426b,,Stony Brook University,Undergraduate Teaching Assistant - Programming Abstractions,26 Jul 2024
KM,Labib,https://www.linkedin.com/in/kmlabib,,Walgreens,Front End Team Member (Duane Reade),26 Jul 2024
Faizan,Ahmed,https://www.linkedin.com/in/faizancodes,,Headstarter,Co-Founder & Head of Machine Learning,25 Jul 2024
Steven,Ou,https://www.linkedin.com/in/steven-ou-,,Headstarter AI,Software Engineering Fellow,25 Jul 2024
Sumedh,Pawar,https://www.linkedin.com/in/sumedhmpawar,,Headstarter AI,Software Engineering Fellow at Headstarter AI,25 Jul 2024
Anirudh,Pappu,https://www.linkedin.com/in/anirudh-pappu,,University of Maryland,Full Stack Engineer,24 Jul 2024
Abdinasir,Mohamed,https://www.linkedin.com/in/abdinasirmohamedw,,BookSmart,Co-Founder & CTO,24 Jul 2024
Yasin,Ehsan 🚀,https://www.linkedin.com/in/yasinehsan,,Headstarter,CEO & Co-Founder,24 Jul 2024
Yusra,Khan,https://www.linkedin.com/in/yusra-khan-0357aa279,,King's College London,Student Wellbeing Ambassador,23 Jul 2024
Khaled,Khan,https://www.linkedin.com/in/khaled-khan-real,,UConn College of Engineering,Teaching Assistant CSE 2050,23 Jul 2024
Hafi,Hamid,https://www.linkedin.com/in/hafihamid,,01 Founders,SWE,23 Jul 2024
Dominic,Paragas,https://www.linkedin.com/in/dparagas,paragasdominic@outlook.com,QWorld,Research Intern,23 Jul 2024
Brian,Shao,https://www.linkedin.com/in/shao-brian,,Headstarter AI,Software Engineering Fellow,22 Jul 2024
Malak,Al-Hanafi,https://www.linkedin.com/in/malak-al-hanafi,,IEEE,Web Developer- Western University Student Branch Website,22 Jul 2024
Amira,Fareh,https://www.linkedin.com/in/amira-fareh,,Pinnacle Midlands Health Network,Patient Service Representative,22 Jul 2024
Mehajabin,Alam,https://www.linkedin.com/in/mehajabin-alam,,Beth Israel Deaconess Medical Center,Summer Intern,21 Jul 2024
Shayan,Nooriazar,https://www.linkedin.com/in/shayanoo,,Headstarter,Software Engineering Fellow,19 Jul 2024
Ben,Dawson,https://www.linkedin.com/in/bendawson04,,xFractal,Software Engineer,17 Jul 2024
Julia,Chao,https://www.linkedin.com/in/julia-chao-8612301a9,,Axiomtek,Product Manager - Desktop Server,17 Jul 2024
Farhin,Ulfat,https://www.linkedin.com/in/farhinulfat,,Headstarter,Software Engineering Resident ,17 Jul 2024
Anshul,Karande,https://www.linkedin.com/in/anshul-karande-8117862a5,,Campus Living Centres,Resident Advisor ,17 Jul 2024
Isabella,Mclean,https://www.linkedin.com/in/isabella-f-m,,Journi,AMEX Software Engineer Accelerator Participant,14 Jul 2024
Mihir,Joshi,https://www.linkedin.com/in/4mihir,,MyTutor.co.uk,Tutor,08 Jul 2024
Meshari,Alatawi,https://www.linkedin.com/in/meshari-alatawi-9a1694266,,KCL Tech,Internal Hackathon Manager,08 Jul 2024
Antonio,Stanchev,https://www.linkedin.com/in/antoniostanchev,,,,07 Jul 2024
Minh,Le,https://www.linkedin.com/in/minhple373,,Headstarter AI,Software Engineering,01 Jul 2024
Mehedi Al,Mahmood,https://www.linkedin.com/in/mehedi-al-mahmood,,Tyger Media,Head of Business ,01 Jul 2024
John V.,Kim,https://www.linkedin.com/in/johnvkim,,Hanyang University,Undergraduate Intern,28 Jun 2024
Bohdan,Koshchavets,https://www.linkedin.com/in/bohdan-koshchavets,,Barclays,Incoming Summer Intern,27 Jun 2024
Ifrah,Qaiser,https://www.linkedin.com/in/ifrah-qaiser-181388281,,Holland & Barrett,Sales Associate,26 Jun 2024
Dhara,Sarvaiya,https://www.linkedin.com/in/dhara-sarvaiya,,Citrusbug Technolabs,Technical Account Executive,26 Jun 2024
Ryhice,N,https://www.linkedin.com/in/ryhicen,,Enlighten,Co-Founder,26 Jun 2024
Eduardo,Sanchez Morales,https://www.linkedin.com/in/eduardosanchezmorales,,Grupo Dictum,Sales And Marketing Intern,26 Jun 2024
Raudhah,Nazri,https://www.linkedin.com/in/raudhah-nazri-010914256,,King's College London,Student Ambassador,26 Jun 2024
Chiranjit,Bhaumik (Ck),https://www.linkedin.com/in/chiranjit-bhaumik,,iBank Ltd,Information Technology Training Consultant,24 Jun 2024
Abhay,Bhakta,https://www.linkedin.com/in/abhaybhakta,,Brdge,Project Manager,24 Jun 2024
Niall,O’Kane,https://www.linkedin.com/in/niall-okane-b14507268,,QUB Consulting & Entrepreneurship,Non Executive Chairman,24 Jun 2024
Sulaiman,Rawan,https://www.linkedin.com/in/sulaimanrawan,,Duckpeon Digital,Co-Founder,24 Jun 2024
K.M. Rayed,Zakwan,https://www.linkedin.com/in/k-m-rayed-zakwan-743b62300,,Duckpeon Digital,Co-Founder,24 Jun 2024
Hareem,Sajid,https://www.linkedin.com/in/hareem-sajid-912620247,,,,23 Jun 2024
Zainab,A.,https://www.linkedin.com/in/zainabdelaitif,,Students' Union UCL,President of the Sudanese Society,23 Jun 2024
Minseok,Ryu,https://www.linkedin.com/in/minseok-ryu,,Kickstart Global,Building sth new,23 Jun 2024
Zainul Abedin,Khan,https://www.linkedin.com/in/zabedink,,World Health Organization,Coordinator,21 Jun 2024
Sara,Jones,https://www.linkedin.com/in/sara-jones-a269942,,BT Group,Mobile Operations Director,19 Jun 2024
Tasbir,Rahaman,https://www.linkedin.com/in/tasbir-rahaman,,Exeter Computing Society,President,19 Jun 2024
Akinyele,Ayodeji,https://www.linkedin.com/in/akinyele-ayodeji,,McDonald's,Restaurant Crew Member,19 Jun 2024
Katie,Adams,https://www.linkedin.com/in/katie-adams-9267a445,,Lloyds Banking Group,Data Science Business Lead,18 Jun 2024
Yash,Shukla,https://www.linkedin.com/in/yash-shukla-598856260,,,,14 Jun 2024
Shareefah,Aliu,https://www.linkedin.com/in/shareefah-aliu-46410b291,,Headstarter AI,Software Engineer Fellow,14 Jun 2024
Rajat,Sawant,https://www.linkedin.com/in/rajat-sawant-74018a262,,,,14 Jun 2024
Lukas,Zabulionis,https://www.linkedin.com/in/lukaszabulionis,,Huzzle 💚,Enterprise Account Manager,11 Jun 2024
Alanoud,Abumouti,https://www.linkedin.com/in/alanoudabumouti,,Saudi Society KCL,Transformation Team Officer,10 Jun 2024
Alihaa,Atteeq,https://www.linkedin.com/in/alihaa-atteeq-2a2b46207,,Northern Virginia Community College,Intern,10 Jun 2024
Daniel,Ribeiro,https://www.linkedin.com/in/danielmrib,,,,09 Jun 2024
Hassan,Mahmood,https://www.linkedin.com/in/hassan-mahmood-106a32228,,Habit Games,Senior Software Engineer,08 Jun 2024
Jiuyu,Zhang,https://www.linkedin.com/in/jiuyu-zhang,,UCL Computer Science,Senior Programming Tutor,07 Jun 2024
Bartosz,Głowacki,https://www.linkedin.com/in/bartosz-glowacki-kcl,,King's Labs,Software Engineer,07 Jun 2024
Kwelani Kay,Lawton,https://www.linkedin.com/in/kwelani-kay-lawton-40ab9a177,,Whizzy-AI,Founder,07 Jun 2024
Shakib,Chowdhury,https://www.linkedin.com/in/shakib-c,,KCL Tech,Head of Marketing,07 Jun 2024
Zhi Xin,Soo,https://www.linkedin.com/in/zhi-xin-soo-a232ab213,,EY,Technology Consultant,06 Jun 2024
Leah,Bramble,https://www.linkedin.com/in/leah-bramble-0975b9228,,The STEAM Blog,Blogger,06 Jun 2024
Ashwina,Kalanathan,https://www.linkedin.com/in/ashwinakalanathan,,KCL Tech,Community Manager,06 Jun 2024
Alexandru,Soroiu,https://www.linkedin.com/in/alexandrudanielsoroiu,,New York Blood Center,Donor Relations Associate,05 Jun 2024
Rohith,Raghunathan Nair,https://www.linkedin.com/in/rohithrnair,,Quinnox,Engineering Manager AI/ML,05 Jun 2024
Valeria,Quero,https://www.linkedin.com/in/valeriaquero,,,,05 Jun 2024
Farwa,Ameer,https://www.linkedin.com/in/farwaa,,Headstarter AI,Software Engineering Fellow,05 Jun 2024
Chan,Yang,https://www.linkedin.com/in/chanyang,,YOOBIC,Customer Implementation Consultant,05 Jun 2024
Gauri,Menon,https://www.linkedin.com/in/gaurimenonn,,Microsoft,"TEALS Volunteer, Teaching Assistant",02 Jun 2024
Roofa,Etagiuri,https://www.linkedin.com/in/abdurraouf,,Appy.yo,Project Manager,01 Jun 2024
Luke,Preston,https://www.linkedin.com/in/luke-preston9,,Motive,Premier Sales Development Representative,01 Jun 2024
Nehemiah,Frazier,https://www.linkedin.com/in/n-frazier,,University of Maryland Medical System,eLearning Developer Intern,01 Jun 2024
Nizom,Badal,https://www.linkedin.com/in/nizombadal,,Alfa Financial Software,Junior Software Engineer,31 May 2024
Thomas,Ng,https://www.linkedin.com/in/thomasngsy,,Canadian International School of Hong Kong,Information Technology Staff,30 May 2024
Leonardo,Sposito,https://www.linkedin.com/in/leonardo-sposito,,Paperplanes UK,Product Management Consultant,28 May 2024
Agrima,Khare,https://www.linkedin.com/in/agrima-k,,Denr,Intern ,27 May 2024
Mahroosa,Choudhury,https://www.linkedin.com/in/mahroosa-choudhury-6251b721a,,Checkpoint Systems Bangladesh ,Finance Intern,26 May 2024
Wyatt,Marshall,https://www.linkedin.com/in/wyatt-marshall-a40797198,,Halluminate,Co-Founder & CTO,24 May 2024
Marcus,Tsui,https://www.linkedin.com/in/marcus-tsui-071b6024b,,SunSat,Avionics Engineer,24 May 2024
Armins,Stepanjans,https://www.linkedin.com/in/arminbagrat,,Recurse ML,Co-Founder,23 May 2024
John,Yang,https://www.linkedin.com/in/jyang20,,Meta,Research Scientist,23 May 2024
Kascey,Bunney,https://www.linkedin.com/in/kascey-bunney,,Project Destined,Real Estate Private Equity Intern,23 May 2024
Pradhay,S. Amarnath,https://www.linkedin.com/in/pradhay-s-amarnath,,Blitzo,Machine Learning Engineer,23 May 2024
Egor,Kuzmichev,https://www.linkedin.com/in/egor-kuzmichev1206,,SIBUR,Machine Learning Intern,19 May 2024
Pranav ,Subash,https://www.linkedin.com/in/pranavsubash,,KCL Tech,Java Co-Lead,19 May 2024
Enzo,Bestetti,https://www.linkedin.com/in/enzozbest,,Cife,Cife College Award,19 May 2024
Bernardo,Guterres,https://www.linkedin.com/in/bernardoguterres,,,,19 May 2024
Chi Shing,Tang,https://www.linkedin.com/in/chester-tang,,Pantheon Volleyball Club,Company Director,14 May 2024
Endrin,Hoti,https://www.linkedin.com/in/endrin-hoti,,PikHost Albania,Operations Intern,13 May 2024
Daisy,Acheampong ,https://www.linkedin.com/in/daisy-acheampong1995,,King's College London,PEEP Programme,09 May 2024
Osmond ,Ezekwe,https://www.linkedin.com/in/osmond-ezekwe-b539b72b0,,Loveworld UK,Systems Analyst Intern,09 May 2024
Oluwadurotimi ,Olusola,https://www.linkedin.com/in/timiolu05,,180 Degrees Consulting Lancaster,Project Team Consultant,07 May 2024
Maryan,Isse,https://www.linkedin.com/in/maryanisse,,Cygnet,Support Worker,07 May 2024
Jash,Dodia,https://www.linkedin.com/in/jash-dodia,,Claire's,Manager - Analytics & Growth,07 May 2024
Sienna,Lee-Gibbons,https://www.linkedin.com/in/sienna-lee-gibbons-968783257,,Macquarie Group,Incoming Spring Intern,07 May 2024
Shadab,Mir,https://www.linkedin.com/in/shadab-mir-76bb87289,,The University of Sheffield,Student Ambassador,07 May 2024
Jemima,Orakwue,https://www.linkedin.com/in/jemima-orakwue,,Kainos,Placement Software Engineer,07 May 2024
Michael,Kölling,https://www.linkedin.com/in/kolling,,King's College London,Professor of Computer Science,04 May 2024
Shayna Gail A.,"Velasquez, DipLCM",https://www.linkedin.com/in/sgavelasquez,,UCL,UCL Student Ambassador,03 May 2024
Jordy,Prince,https://www.linkedin.com/in/jordyprince29,,Bright Network,IEUK 2024: Technology,02 May 2024
Vrinda,Chopra,https://www.linkedin.com/in/vrinda-chopra-8ab129253,,JPMorganChase,Software Engineering Intern,02 May 2024
Weng Man,Lei,https://www.linkedin.com/in/weng-man-lei-angela,,Institution of Engineering and Technology (IET),Student Member,02 May 2024
Jerry,Yao,https://www.linkedin.com/in/jerry-yao8848,,Sheffield Engineering Leadership Academy (SELA),Verification Committee,02 May 2024
Whitney,Izogie,https://www.linkedin.com/in/whitneyizogie110,,Virgin Media,Student Ambassador,02 May 2024
Alex,Wang,https://www.linkedin.com/in/alexwang-,,Georgia Institute of Technology,ai + hci researcher,01 May 2024
Abdurrahmaan,Ahmed,https://www.linkedin.com/in/abdurrahmaan-ahmed,,University of Leicester,Residential Advisor,01 May 2024
Dennis,John,https://www.linkedin.com/in/dennismjohn1a,,Accuetech ~Innovating for a Smarter Future. ,Chief Executive Officer,01 May 2024
Tanaka,Masunzambwa,https://www.linkedin.com/in/tanaka-masunzambwa-690581278,,Swansea Women in Engineering,President,01 May 2024
Jillian,Matsa,https://www.linkedin.com/in/jmatsa,,2 Sisters Food Group,Engineer,01 May 2024
Aaditya,Nair,https://www.linkedin.com/in/aaditya-nair-82032a287,,Microsoft,Beta - Student Ambassador,01 May 2024
Imran Ahmed,Kamal,https://www.linkedin.com/in/imran-ahmed-kamal,,Imagen Insights,Gen Z Consultant,30 Apr 2024
,,,,,,29 Apr 2024
Eda Zeynep ,sarıtaş,https://www.linkedin.com/in/eda-zeynep-sar%C4%B1ta%C5%9F-bb2372298,,,,28 Apr 2024
Arantzazu,Galarza Romeo,https://www.linkedin.com/in/arantzazu-galarza-romeo-000341277,,,,27 Apr 2024
Danica,Coyoca,https://www.linkedin.com/in/danica-coyoca-840782283,,,,27 Apr 2024
Katja,Skylv,https://www.linkedin.com/in/katja-skylv-1b412429a,,,,27 Apr 2024
Haaris,Ashraf,https://www.linkedin.com/in/haaris-ashraf,,King's Business School,Events assistant,26 Apr 2024
Ibrahim,Kuyumcu,https://www.linkedin.com/in/ibrahimkuyumcu,,Kirk Quantum,Founder & Director,24 Apr 2024
Chelsea,Hikwa,https://www.linkedin.com/in/chelsea-h-b34974226,,King's College London,WP Student Ambassador,24 Apr 2024
Howard,Carlos,https://www.linkedin.com/in/cchhc,,LPC Law,County Court Advocate,24 Apr 2024
Francis,Hussey,https://www.linkedin.com/in/francishussey,,London & Partners,Business Support Manager,24 Apr 2024
Treesje,Verlinden,https://www.linkedin.com/in/treesjeverlinden,,The Applied Neuroscience Association,Founder The Applied Neuroscience Association,24 Apr 2024
James,Coward,https://www.linkedin.com/in/jamessyc,,Microsoft,Software Engineering Intern,20 Apr 2024
Sameer,Ahmed,https://www.linkedin.com/in/sameer-ahmed-86722b131,,Passion2Podcast,Chief Executive Officer,20 Apr 2024
Angel,Mohamed,https://www.linkedin.com/in/angel-mohamed,,,,17 Apr 2024
Grishma,Gurung,https://www.linkedin.com/in/grishma-gurung-906a64251,,Bangor University,Student Ambassador,17 Apr 2024
Tracy,Sandoval ,https://www.linkedin.com/in/tracy-sandoval-5a56392aa,,,,17 Apr 2024
Hamza,Butt,https://www.linkedin.com/in/hamza-butt2000,,GDM Group,Junior BIM Engineer,11 Apr 2024
Rawan,Alnouri,https://www.linkedin.com/in/rawan-alnouri,,IBM,Student Researcher,10 Apr 2024
Bhavya,Soni,https://www.linkedin.com/in/bhavya-soni-amity,,Outlier,AI Code Evaluator,06 Apr 2024
Elmaan,Khandaker,https://www.linkedin.com/in/elmaan-khandaker-97a80a1a6,,Amazon,Warehouse Associate,05 Apr 2024
Diana,Bayandina,https://www.linkedin.com/in/dianabayandina,,EY Technology Solutions,Information Technology Advisor,05 Apr 2024
Danyar,Abdulbast,https://www.linkedin.com/in/danyar-abdulbast,,D4N Conglomerate,Founder & CEO,05 Apr 2024
Huy ,Phan ,https://www.linkedin.com/in/huyphan2903,,Amazon Web Services (AWS),Data Centre Operations Intern,04 Apr 2024
Simon,Brown,https://www.linkedin.com/in/simonbrown1,simon@datalinkrecruitment.co.uk,Datalink Recruitment,Director,04 Apr 2024
Yasmine,Harhira,https://www.linkedin.com/in/yasmine-harhira-57a130266,,,,04 Apr 2024
Mohammad,Maaz,https://www.linkedin.com/in/mohammad-maaz-ab37b9190,,Fidelity International,Senior Associate investments,04 Apr 2024
Mustapha,Sanni,https://www.linkedin.com/in/mustapha-sanni-b9a7a2281,,Off to Work,Hospitality ,04 Apr 2024
Margaret ,Ogunnoiki ,https://www.linkedin.com/in/margaret-ogunnoiki-a8201b302,,,,04 Apr 2024
Rumaisa,Azeem,https://www.linkedin.com/in/rumaisa-azeem,,Hewlett Packard Enterprise,Software Engineer - Year in Industry,03 Apr 2024
Tanveer,Singh,https://www.linkedin.com/in/tanveerxz,,Kloak Ltd,Senior Frontend Developer,03 Apr 2024
José Francisco,Carneiro de Sousa,https://www.linkedin.com/in/jos%C3%A9-francisco-carneiro-de-sousa-57a3a91b8,,Pearson,Software Developer,03 Apr 2024
Yashasvi Naidu,Boya,https://www.linkedin.com/in/yashasvi-naidu-boya,,Bizongo,Software Development Enginnering Intern,03 Apr 2024
Muhammad Sadiq,Abdulganiy,https://www.linkedin.com/in/muhammadsadiqabdulganiy,,BLUCKA,Social Media Manager,03 Apr 2024
Delafroz,Habibi,https://www.linkedin.com/in/delafroz-habibi-85376224a,,,,02 Apr 2024
Hafsa Tariq,Ali,https://www.linkedin.com/in/hafsa-tariq-ali-3a4565254,,Tech Minds,Frontend Web Intern,02 Apr 2024
Auc,James,https://www.linkedin.com/in/auc-james-29584518b,,Auc Global Design,Founder,02 Apr 2024
Nour,Desouki,https://www.linkedin.com/in/nour-desouki-berkeley,,Tesla,Software Quality Assurance Intern,02 Apr 2024
Reza,Samaei,https://www.linkedin.com/in/reza-samaei-476577289,,,,01 Apr 2024
Ismail,Doghri,https://www.linkedin.com/in/ismaildoghri,,OakNorth,AI Strategy & Operations Intern,01 Apr 2024
Abdul Adal,Khan,https://www.linkedin.com/in/abduladal,,EY,Assurance (Technology Risk) Summer Intern,31 Mar 2024
Fei,Gao,https://www.linkedin.com/in/gazzar-gao,,UCL Artificial Intelligence Society,Event Executive,30 Mar 2024
Jieun,Lee,https://www.linkedin.com/in/jieun-lee-kcl,,KPMG UK,Summer Intern,30 Mar 2024
Hamnah,Rassen,https://www.linkedin.com/in/hamnah-rassen,,King's College London,President of Taekwondo Society,29 Mar 2024
Abdullah,Alotaishan,https://www.linkedin.com/in/alotaishan,,AdMotion,Co-Founder,29 Mar 2024
Abigail,Tang,https://www.linkedin.com/in/abigail-tang-ky,,KCL Womxn in STEM,Head of Events,29 Mar 2024
Sonia,Koszut,https://www.linkedin.com/in/sonia-koszut-5ab543178,,Capstone Investment Advisors,Summer Internship,29 Mar 2024
Shozab,Anwar Siddique,https://www.linkedin.com/in/shozabanwarsiddique,,,,29 Mar 2024
Yohann,Pirbay,https://www.linkedin.com/in/yohannpirbay,,KCL Cyber Security Society,President,29 Mar 2024
Michael Peize,Li,https://www.linkedin.com/in/michael-peize-li,,Li Auto,Human Resources Intern,29 Mar 2024
Maneet,Sigtia,https://www.linkedin.com/in/maneet-sigtia,,Nomura,Technology Industrial Placement,29 Mar 2024
Elson,Tho,https://www.linkedin.com/in/elson-tho-267190215,,Google Developer Student Club Imperial College London,GDSC Lead,28 Mar 2024
Sumith,Damodaran,https://www.linkedin.com/in/sumith-damodaran,,Sitecore,Solution Consultant,28 Mar 2024
Ariba,Hussain,https://www.linkedin.com/in/ariba1039,,Hamster Tech,Flutter developer ,28 Mar 2024
Marium,Rukiya,https://www.linkedin.com/in/mariumrukiya,,EY Foundation,Technology Intern,28 Mar 2024
Azaj,Patel,https://www.linkedin.com/in/azajpatel,,Self-employed,Flutter Developer ,28 Mar 2024
Lajwanti,Lohana,https://www.linkedin.com/in/thelajwantilohana,,posh textiles,Flutter Developer ,28 Mar 2024
Abhishek,Singh,https://www.linkedin.com/in/abhishek-singh-08,,Infosys,Specialist Programmer L2,28 Mar 2024
Renuka,Kelkar,https://www.linkedin.com/in/renukakelkar,,Codemagic,Field Marketing Specialist,28 Mar 2024
Emilia,Barbu,https://www.linkedin.com/in/emilia-barbu,,Future Power SRL,Assistant Project Manager,28 Mar 2024
Mohammed,Ageli,https://www.linkedin.com/in/mohammed-ageli-153346218,,Estishari - ECS,Software Engineer,28 Mar 2024
Samuel,Vasilis,https://www.linkedin.com/in/samuel-vasilis,Samuel.Vasilis@city.ac.uk,"City, University of London",Stage 3 Civil Engineering Course Representative,27 Mar 2024
Lalita,Hughes,https://www.linkedin.com/in/lalita-h-b52686253,,Echios,Education Coordinator,27 Mar 2024
Emmanuel,Osemwengie-Omobude,https://www.linkedin.com/in/emmanuel-osemwengie-omobude-9715b5215,,Tech Academia,SWE Accelerator Programme,27 Mar 2024
Karishma,Kaur,https://www.linkedin.com/in/karishma-k-b870aa221,,KCL Women in Business,Corporate Relations Associate ,27 Mar 2024
Katharine,Scott,https://www.linkedin.com/in/katharine-scott-786b5522a,,Sunset Ridge Racquet Swim CLB,Racquet Sports Professional,27 Mar 2024
Siddesh,Jammi,https://www.linkedin.com/in/siddesh-jammi,,Compare the Market,Technology Intern,26 Mar 2024
Jie,Zhang,https://www.linkedin.com/in/jie-zhang-5326aa187,,King's College London,Lecturer,26 Mar 2024
Yoong Xin,Chong,https://www.linkedin.com/in/yoong-xin-chong-9b1311228,,UBS,Software Engineer,26 Mar 2024
Mahek,Agarwal,https://www.linkedin.com/in/mahek-agarwal-168368158,,Games Inc,Software Developer,26 Mar 2024
Matthew,Palmer,https://www.linkedin.com/in/matthew-palmer-work,,Samsung Cambridge Solution Centre,Graduate Engineer,26 Mar 2024
Shiny ,Chakma,https://www.linkedin.com/in/shiny-chakma-792b0b225,,"Indian Institute of Technology, Guwahati",Research Intern,26 Mar 2024
Esther,Akamnonu,https://www.linkedin.com/in/esther-akamnonu-110b851ba,,Stealth Startup,Marketing Intern,26 Mar 2024
,,,,,,26 Mar 2024
Emmanuella,Narayadu,https://www.linkedin.com/in/emmanuella-narayadu,,King's College London,Undergraduate Student,26 Mar 2024
Mohamed,Osman,https://www.linkedin.com/in/mohamed-osman-506a332a3,,MODA,Co-Founder,26 Mar 2024
Ishika,Dav,https://www.linkedin.com/in/ishika-dav-b03679136,,Ace Tutors,Academic Tutor,25 Mar 2024
Dritan,Murati,https://www.linkedin.com/in/dritanmurati,,SIM Building Services Ltd,Managing Director,22 Mar 2024
,,,,,,22 Mar 2024
Naveera,Naveed,https://www.linkedin.com/in/naveera-naveed,,King's Business School,Student Representative,22 Mar 2024
Jiangjing,Xu,https://www.linkedin.com/in/jiangjing-xu-728a21293,,Microsoft,July 2024 Microsoft  I Accelerator - Virtual Work Experience,20 Mar 2024
Chaitanya,Gedam,https://www.linkedin.com/in/chaitanya-gedam-292680252,,King's College London,Student Ambassador,19 Mar 2024
Ashwin,Ranasinghe-de Silva,https://www.linkedin.com/in/ashwin-ranasinghe-de-silva-836a31231,,svono svono / ashwin rds,svono svono / ashwin rds - Solo-Project,19 Mar 2024
Mohammad,Abdullah,https://www.linkedin.com/in/mohammadabdullah12,,CarbonTag,Software Engineering Intern,18 Mar 2024
Aditya,Satheesh,https://www.linkedin.com/in/aditya-s-6a2685291,,Open Contractor ,AI Engineer,18 Mar 2024
Charlotte Hoi Yi,Leong,https://www.linkedin.com/in/charlotte-hoi-yi-leong-b8b27322a,,Xelix,Back End Developer,18 Mar 2024
Rones,Berisha,https://www.linkedin.com/in/ronesberisha,,Deloitte,Audit Intern,17 Mar 2024
Lara Ceren,Ergenc,https://www.linkedin.com/in/lara-ceren-ergenc,,Hisar ideaLab.),Project Developer,16 Mar 2024
Alvin,Liem,https://www.linkedin.com/in/alvin-liem,,London Finance and Business Union,Long/Short Equity Analyst,16 Mar 2024
Laiba,Choudhary,https://www.linkedin.com/in/laiba-choudhary-2a24672b6,,ICAS - The Professional Body of CAs,Brand Ambassador,16 Mar 2024
Aditya,Mukhija,https://www.linkedin.com/in/adityamukhija,,UCL Computer Science,Undergraduate Teaching Intern - Application Programming for Data Science,13 Mar 2024
Aïda,Tadlaoui,https://www.linkedin.com/in/a%C3%AFda-tadlaoui-8382b5292,,AquaZoo Consulting Partners,Business Development Representative ,13 Mar 2024
Sanchusri,Kavitha babu,https://www.linkedin.com/in/sanchusri-kavitha-babu-058231255,,King's Labs,Software Engineer,13 Mar 2024
Tanmay,"Gupta, PhD",https://www.linkedin.com/in/tgupta089,,Venture Institute,Venture Institute Cohort 2 Fellow,13 Mar 2024
Naqi,Bukhari,https://www.linkedin.com/in/naqi-bukhari-1ab31b2b6,,,,13 Mar 2024
Ananya,Sinha,https://www.linkedin.com/in/ananyasinha1,,IBM,IBM Z Ambassador,12 Mar 2024
Rashida,Begum,https://www.linkedin.com/in/-rashida-begum,,,,12 Mar 2024
Roman,Khromin,https://www.linkedin.com/in/khromin,roman@khromin.com,INNOVERV,Managing Director,12 Mar 2024
Ryan,Chen,https://www.linkedin.com/in/ryan-chen-704b971a3,,,,11 Mar 2024
Karun,Choudhary,https://www.linkedin.com/in/karun-choudhary-567003279,,WeNet Group S.A.,Intern,11 Mar 2024
Saath,Satheeshkumar,https://www.linkedin.com/in/saath-satheesh,,Netcraft,Software Engineer Intern,11 Mar 2024
Ibrahim,Younis,https://www.linkedin.com/in/ibrahim-younis-med,,Operose Health,Practice Administrator,11 Mar 2024
William,Costales,https://www.linkedin.com/in/william-costales-nathaniel,,King's College London,AI Student Partner ,11 Mar 2024
Tom,Smail,https://www.linkedin.com/in/tom-smail,,Imperial College London,PPT,11 Mar 2024
Isaac,Lee,https://www.linkedin.com/in/isaac-shun-sheng-lee,,International Council of Malaysian Scholars ,Project Development and Initiatives Associate,11 Mar 2024
Ekaterina,Hunter,https://www.linkedin.com/in/ekaterina-hunter,,KCL Tech,KCL Tech President,11 Mar 2024
Arjun,Sharma,https://www.linkedin.com/in/arjun-sharma-5574301ba,,MathWorks,MATLAB Student Ambassador,11 Mar 2024
Ork,Hossain Muntaqin,https://www.linkedin.com/in/ork-hossain-muntaqin-10423b167,,Autonomo,Computer Science Tutor,11 Mar 2024
Jia Yi,Chia,https://www.linkedin.com/in/jiayichia,,UCL Computer Science,Digital Student Ambassador,11 Mar 2024
Rahat,Chowdhury,https://www.linkedin.com/in/rahat-chowdhury-35627224a,,Waitrose & Partners,Supermarket Assistant,10 Mar 2024
Fathima Maryam,Risvi,https://www.linkedin.com/in/fathima-maryam-r,,Richer Education,STEAM Mentor,10 Mar 2024
Dilara,Mukasheva,https://www.linkedin.com/in/dilaramukasheva,,DNA Payments Group,Intern,09 Mar 2024
Adel,Mithaiwala,https://www.linkedin.com/in/adel-mithaiwala-a1b938278,,Batelco,Summer Internship,09 Mar 2024
Haroon,Yasin,https://www.linkedin.com/in/haroon-yasin-105086238,,Great Western Railway (GWR),Luggage Assistant,09 Mar 2024
Amina,Ali,https://www.linkedin.com/in/amina-ali05,,,,09 Mar 2024
Jia Cheng,Lim,https://www.linkedin.com/in/jia-cheng-lim-840271263,,GSK,Incoming Smart Data Analytics,09 Mar 2024
Hannah,Merriman,https://www.linkedin.com/in/hannah-merriman-5b1ab4220,,Echios,Senior Trainer & Coach,09 Mar 2024
Aman,Sahi,https://www.linkedin.com/in/aman-sahi,,London Model World Health Organization (LonWHO),Inclusion & Diversity Lead,09 Mar 2024
Leyli,Jalilova,https://www.linkedin.com/in/leyli-j-840729237,,,,08 Mar 2024
Rachel,Pham,https://www.linkedin.com/in/rachel-lan-anh,,King's College London,Teaching Assistant,07 Mar 2024
Soubhik,Das,https://www.linkedin.com/in/soubhik-das-252b1b271,,Scane Media Ltd.,Logistics Specialist,06 Mar 2024
Salim,Duman,https://www.linkedin.com/in/salim-duman,,Meal2Deal,Founder and CEO,06 Mar 2024
Qilan,Lin,https://www.linkedin.com/in/qilanlin,,,,05 Mar 2024
Dina,Ghazaani ,https://www.linkedin.com/in/dina-ghazaani-44447828b,,Nomura,Incoming Tech IP Intern,05 Mar 2024
Eeshal,Malik,https://www.linkedin.com/in/eeshal,,,,05 Mar 2024
Nazratun,Tahia,https://www.linkedin.com/in/nazratuntahia,,Toronto Metropolitan University,Volunteer,04 Mar 2024
Maryam,Marei,https://www.linkedin.com/in/maryam-marei-b56803262,,King's College London,King's 100 ,04 Mar 2024
Kota,Amemiya,https://www.linkedin.com/in/kota-amemiya,,King's Labs,Software Engineer,02 Mar 2024
Emilie,Yu,https://www.linkedin.com/in/emilie-yu-8574a3291,,Women in Computer Science KCL,Co-Vice President,01 Mar 2024
"Camila, Shu Lin",Tay,https://www.linkedin.com/in/shu-lin-tay,,Argus Media,Market Reporter,01 Mar 2024
Zeynab,Ahmadzada,https://www.linkedin.com/in/zeynab-ahmadzada-aa074528b,,Karabakh University,English Instructor,29 Feb 2024
Rohith,R,https://www.linkedin.com/in/rohith-r-b3597412b,,Shenzu Spending,Co-Founder & CEO,29 Feb 2024
,,,,,,29 Feb 2024
Rupa,Mondi,https://www.linkedin.com/in/rupamondi,,MSD in the UK,Scientist (Biology-Discovery),29 Feb 2024
Suliman,Sattar,https://www.linkedin.com/in/suliman-k-sattar,,NatWest Group,Security Specialist,28 Feb 2024
Lech,Sikora-Sikorski,https://www.linkedin.com/in/lech-sikora-sikorski-5798b277,,Preface,Senior Partnerships & Sales Manager,28 Feb 2024
Priti,Singh,https://www.linkedin.com/in/pritiupdoer,,UpDoer Technology,Chief Operating Officer,26 Feb 2024
Ikmal,Momin,https://www.linkedin.com/in/ikmal-momin-7679ab203,,MOMEDS,Founder,26 Feb 2024
Muntasir Alam,Niloy,https://www.linkedin.com/in/muntasir-alam-niloy,,Born To Smile,Director Of Volunteers,22 Feb 2024
Sandra Thao,Hoang,https://www.linkedin.com/in/sandra-thao-hoang,,The Vietnamese Student Association in the UK (SVUK),Vice President of Events // Head of Logistics // Event Coordinator,20 Feb 2024
Simon,Halberstam,https://www.linkedin.com/in/simonhalberstam,,Simons Muirhead Burton LLP,Head of Technology Law,09 Feb 2024
Rishi,Hundia,https://www.linkedin.com/in/rishihundia,,Back9Solutions,Software Engineer,09 Feb 2024
Maknun,Nehal,https://www.linkedin.com/in/maknun-nehal,,Odyssey Technologies,Frontend Developer,06 Feb 2024
Shafeem Shehzad,Hossain,https://www.linkedin.com/in/shafeem-shehzad-hossain-a685161b4,,"Department of Economics, North South University",Teaching Assistant,01 Feb 2024
Mikaail,Khan,https://www.linkedin.com/in/mikaail-k,,King's College London,Library Frontline Services Assistant,30 Jan 2024
Nischal,Gurung,https://www.linkedin.com/in/nischalg,,Everyman,Crew Member,28 Jan 2024
John Paul,San Diego,https://www.linkedin.com/in/paul-san-diego,,King's Labs,Software Engineer,26 Jan 2024
Omar,Al-Mizan,https://www.linkedin.com/in/omar-al-mizan,,,,25 Jan 2024
Roongshith,Amin,https://www.linkedin.com/in/roongshith-amin,,Self-employed,Private Tutor,25 Jan 2024
Yasir,Kabir Sattar,https://www.linkedin.com/in/yasirkevin,,GDG Academy,GDG Academy Mentee,25 Jan 2024
,,,,,,25 Jan 2024
Mark,Tran,https://www.linkedin.com/in/mark-tran-6b2980298,,Lidl GB,Retail Customer Assistant,17 Jan 2024
Zuhayer,Khan,https://www.linkedin.com/in/zuhayer-khan-20b5742aa,,Project Code,English Instructor,17 Jan 2024
Farhan,Faiyaz,https://www.linkedin.com/in/farhan-faiyaz-72a5ab225,,,,17 Jan 2024
Haleema,Mohammed,https://www.linkedin.com/in/haleemamohammed,,Women in Computer Science KCL,Vice President,17 Jan 2024
Immanuel,Rajadurai,https://www.linkedin.com/in/immanuel-rajadurai-47808a217,,AquaZoo Consulting Partners,Co-Founder/CTO,28 Dec 2023
Robert,Masters,https://www.linkedin.com/in/robert-masters99,,Abroad,Travelling,25 Dec 2023
,,,,,,25 Dec 2023
Zavina,Johnson,https://www.linkedin.com/in/zavina-johnson-157229187,,BCB Group,Technical Business Analyst,25 Dec 2023
Pete,New,https://www.linkedin.com/in/petenew,,Lunar Web Development Ltd,Co-founder / Business Director,25 Dec 2023
Darren,Weston,https://www.linkedin.com/in/darren-weston,,King's College London,King’s Undergraduate Research Fellow,22 Nov 2023
Ricky,Chan,https://www.linkedin.com/in/ricky-lh-chan,,McDonald's,Restaurant Crew Member,18 Nov 2023
Patty,O'Callaghan,https://www.linkedin.com/in/patty-ocallaghan,,Charles River Laboratories,Technical Director,18 Nov 2023
Thien,Nguyen,https://www.linkedin.com/in/thien-nguyen-567411229,,GDG Academy,Mentee,18 Nov 2023
Jennifer,Ikin,https://www.linkedin.com/in/jennifer-ikin,,King's College London,King’s Undergraduate Research Fellowship,18 Nov 2023
,,,,,,15 Nov 2023
Jenna,Dominique,https://www.linkedin.com/in/jenna-c-d,,Jenna Dominique,"Event MC, Speaker & Pitch Coach ",10 Nov 2023
Dorothy,Mo,https://www.linkedin.com/in/dorothy-mo-176078242,,University of Bath,Research Assistant in Drone Technology Patent Analysis,08 Nov 2023
Katrina,Tan,https://www.linkedin.com/in/katrinatanht,,Skin Synergy London,Co-Founder,03 Nov 2023
Ian,Davies,https://www.linkedin.com/in/ian-davies-a39a6913,,AIG,Chief Underwriting Officer for SME Commercial and Head of SME Package and Commercial Combined - UK,19 Oct 2023
Kunal,Charn,https://www.linkedin.com/in/kunal-c-432a76222,,Marshall Wace,Software Engineer,03 Oct 2023
Alexey,Khromin,https://www.linkedin.com/in/alexey-khromin,,King's College London,King’s Undergraduate Research Fellow,03 Oct 2023
Mehrab Sakib,Zaman,https://www.linkedin.com/in/mehrab-sakib-zaman-a66a7215a,,Interspeed,"Key Account Manager, Brand, Consumer Experience and Modern Trade for British American Tobacco",14 Sep 2023
Azwad Ahmed,Samin,https://www.linkedin.com/in/azwad-ahmed-samin-b139a4287,,Virginia Tech,Engineering Student,12 Sep 2023
Mehrab Khan,Choudhury,https://www.linkedin.com/in/mehrabkchy,,Scane Media Ltd.,Head of Operations,24 Feb 2023
Rayhana Sehereen,Khan,https://www.linkedin.com/in/rayhanakhan,,The University of Manchester,Student,22 Mar 2022
Shami-uz,Zaman,https://www.linkedin.com/in/shami-uz-zaman,,OrbitFind,Co-Founder,05 Mar 2022
Raheel,Shayaan,https://www.linkedin.com/in/raheel-shayaan-585772202,,Ambassadors of Earth,President,02 Feb 2022
Jawadul Islam,Tarafdar,https://www.linkedin.com/in/jawadul-islam-tarafdar-6a242021a,,LIFE Bangladesh,International Project Managemnet executive,27 Aug 2021
Khandaker Usuf,Emran,https://www.linkedin.com/in/khandaker-usuf-emran-b7290351,,V ship,Master,27 Jul 2021
Dr Khondoker Mahbuba,Jamil,https://www.linkedin.com/in/dr-khondoker-mahbuba-jamil-16281349,,"Institute of Public Health, Ministry of Health and Family Welfare","Virologist (Assistant Professor) and In-charge at National Polio, Measles & AMES lab",12 Jul 2021
Salik,Hussain,https://www.linkedin.com/in/sigmasuccour,,SigmaSuccour,CEO,10 Jul 2021
Adiba,"Khan, PhD",https://www.linkedin.com/in/a-khan1002,,University of Cambridge,Research Associate,29 Jun 2021